temperature,ka_mean,ka_lower,ka_upper,dataset,type
0.1,0.5830298478536351,0.4396288115038115,0.7333004385964913,manifestos,inter
0.5,0.6427555183292429,0.47365256410256407,0.7860397415084914,manifestos,inter
1.0,0.5659033105073468,0.4221740512289293,0.736663056785008,manifestos,inter
2.0,0.38089292349771303,0.20275503950975657,0.5704698990218441,manifestos,inter
3.0,0.2695721880972718,0.098761023117978,0.44686842469545957,manifestos,inter
4.0,0.049714219543592494,-0.10073575849437921,0.22749427043544698,manifestos,inter
5.0,0.21330712318305173,0.019909451029575597,0.4361176515522564,manifestos,inter
